Company,Position,Salary,Work Type,Posted,Employees,Location,URL
Crossing Hurdles,,Not Disclosed,Not Listed,1 week ago,Not Listed,Mumbai,https://www.linkedin.com/jobs/search/
Moksha Media Group,,Not Disclosed,Not Listed,1 day ago,Not Listed,Mumbai,https://www.linkedin.com/jobs/search/
Adform,,Not Disclosed,Not Listed,1 week ago,Not Listed,Mumbai,https://www.linkedin.com/jobs/search/
Rex.zone,,Not Disclosed,Not Listed,1 week ago,Not Listed,Mumbai,https://www.linkedin.com/jobs/search/
Capgemini,,Not Disclosed,Not Listed,1 day ago,Not Listed,Mumbai,https://www.linkedin.com/jobs/search/
NielsenIQ,,Not Disclosed,Not Listed,1 day ago,Not Listed,Mumbai,https://www.linkedin.com/jobs/search/
CoinDCX,,Not Disclosed,Not Listed,3 days ago,Not Listed,Mumbai,https://www.linkedin.com/jobs/search/
IDFC FIRST Bank,,Not Disclosed,Not Listed,3 days ago,Not Listed,Mumbai,https://www.linkedin.com/jobs/search/
Etraveli Group,,Not Disclosed,Not Listed,1 week ago,Not Listed,Mumbai,https://www.linkedin.com/jobs/search/
NielsenIQ,,Not Disclosed,Not Listed,3 days ago,Not Listed,Mumbai,https://www.linkedin.com/jobs/search/
Brookfield,,Not Disclosed,Not Listed,2 weeks ago,Not Listed,Mumbai,https://www.linkedin.com/jobs/search/
Morgan Stanley,,Not Disclosed,Not Listed,1 week ago,Not Listed,Mumbai,https://www.linkedin.com/jobs/search/
Priceline,,Not Disclosed,Not Listed,2 weeks ago,current employees,Mumbai,https://www.linkedin.com/jobs/search/
Deloitte,,Not Disclosed,Not Listed,6 days ago,Not Listed,Mumbai,https://www.linkedin.com/jobs/search/
Mastercard,,Not Disclosed,Not Listed,1 week ago,Not Listed,Mumbai,https://www.linkedin.com/jobs/search/
Delta Exchange,,Not Disclosed,Not Listed,1 month ago,Not Listed,Mumbai,https://www.linkedin.com/jobs/search/
FedEx,,Not Disclosed,Not Listed,1 week ago,Not Listed,Mumbai,https://www.linkedin.com/jobs/search/
BlackRock,,Not Disclosed,Not Listed,1 day ago,Not Listed,Mumbai,https://www.linkedin.com/jobs/search/
WebMD,,Not Disclosed,Not Listed,2 weeks ago,Not Listed,Mumbai,https://www.linkedin.com/jobs/search/
TIAA,,Not Disclosed,Not Listed,1 day ago,Not Listed,Mumbai,https://www.linkedin.com/jobs/search/
IDFC FIRST Bank,,Not Disclosed,Not Listed,4 days ago,Not Listed,Mumbai,https://www.linkedin.com/jobs/search/
iRage,,Not Disclosed,Not Listed,2 weeks ago,Not Listed,Mumbai,https://www.linkedin.com/jobs/search/
Marsh,,Not Disclosed,Not Listed,1 week ago,Not Listed,Mumbai,https://www.linkedin.com/jobs/search/
"Apollo Global Management, Inc.",,Not Disclosed,Not Listed,2 days ago,Not Listed,Mumbai,https://www.linkedin.com/jobs/search/
PayU,,Not Disclosed,Not Listed,1 week ago,Not Listed,Mumbai,https://www.linkedin.com/jobs/search/
Amazon,,Not Disclosed,Not Listed,1 day ago,Not Listed,Mumbai,https://www.linkedin.com/jobs/search/
TP,,Not Disclosed,Not Listed,2 weeks ago,Not Listed,Mumbai,https://www.linkedin.com/jobs/search/
Vedasoft Inc,,Not Disclosed,Not Listed,21 hours ago,Not Listed,Mumbai,https://www.linkedin.com/jobs/search/
2070 Health,,Not Disclosed,Not Listed,3 days ago,Not Listed,Mumbai,https://www.linkedin.com/jobs/search/
Pepper,,Not Disclosed,Not Listed,2 weeks ago,Not Listed,Mumbai,https://www.linkedin.com/jobs/search/
Indium,,Not Disclosed,Not Listed,2 weeks ago,Not Listed,Mumbai,https://www.linkedin.com/jobs/search/
Barclays,,Not Disclosed,Not Listed,2 days ago,"If managing a team, they define jobs and responsibilities, planning for the department’s future needs and operations, counselling employees on performance and contributing to employee pay decisions/changes. They may also lead a number of specialists to influence the operations of a department, in alignment with strategic as well as tactical priorities, while balancing short and long term goals and ensuring that budgets and schedules meet corporate requirements..",Mumbai,https://www.linkedin.com/jobs/search/
PayU,,Not Disclosed,Not Listed,1 week ago,Not Listed,Mumbai,https://www.linkedin.com/jobs/search/
YO IT Consulting,,Not Disclosed,Not Listed,5 days ago,Not Listed,Mumbai,https://www.linkedin.com/jobs/search/
CodeVyasa,,Not Disclosed,Not Listed,1 day ago,Free healthcare coverage for employees and dependents.,Mumbai,https://www.linkedin.com/jobs/search/
WebMD,,Not Disclosed,Not Listed,1 day ago,Not Listed,Mumbai,https://www.linkedin.com/jobs/search/
Lingaro,,Not Disclosed,Not Listed,2 weeks ago,Not Listed,Mumbai,https://www.linkedin.com/jobs/search/
Purplle.com,,Not Disclosed,Not Listed,1 day ago,Not Listed,Mumbai,https://www.linkedin.com/jobs/search/
eClerx,,Not Disclosed,Not Listed,1 week ago,Not Listed,Mumbai,https://www.linkedin.com/jobs/search/
Randstad Enterprise,,Not Disclosed,Not Listed,1 week ago,Not Listed,Mumbai,https://www.linkedin.com/jobs/search/
EY,,Not Disclosed,Not Listed,5 days ago,Not Listed,Mumbai,https://www.linkedin.com/jobs/search/
AGR Knowledge Services Pvt Ltd,,Not Disclosed,Not Listed,2 months ago,Not Listed,Mumbai,https://www.linkedin.com/jobs/search/
TestHiring,,Not Disclosed,Not Listed,1 week ago,Not Listed,Mumbai,https://www.linkedin.com/jobs/search/
People Consultancy Services (PCS),,Not Disclosed,Not Listed,1 day ago,Not Listed,Mumbai,https://www.linkedin.com/jobs/search/
Accenture in India,,Not Disclosed,Not Listed,1 week ago,Not Listed,Mumbai,https://www.linkedin.com/jobs/search/
WPP,,Not Disclosed,Not Listed,2 weeks ago,Not Listed,Mumbai,https://www.linkedin.com/jobs/search/
Spice Route Legal,,Not Disclosed,Not Listed,3 days ago,Not Listed,Mumbai,https://www.linkedin.com/jobs/search/
Alignerr,,Not Disclosed,Not Listed,3 days ago,Not Listed,Mumbai,https://www.linkedin.com/jobs/search/
Harjai Technologies,,Not Disclosed,Not Listed,2 weeks ago,Not Listed,Mumbai,https://www.linkedin.com/jobs/search/
Concentrix,,Not Disclosed,Not Listed,4 weeks ago,Not Listed,Mumbai,https://www.linkedin.com/jobs/search/
Better,,Not Disclosed,Not Listed,1 week ago,Not Listed,Mumbai,https://www.linkedin.com/jobs/search/
Kotak Neo,,Not Disclosed,Not Listed,2 weeks ago,Not Listed,Mumbai,https://www.linkedin.com/jobs/search/
Helo.ai by VivaConnect,,Not Disclosed,Not Listed,2 weeks ago,Not Listed,Mumbai,https://www.linkedin.com/jobs/search/
Sleek,,Not Disclosed,Not Listed,3 weeks ago,Not Listed,Mumbai,https://www.linkedin.com/jobs/search/
NielsenIQ,,Not Disclosed,Not Listed,1 week ago,Not Listed,Mumbai,https://www.linkedin.com/jobs/search/
Joveo AI,,Not Disclosed,Not Listed,3 hours ago,Not Listed,Mumbai,https://www.linkedin.com/jobs/search/
Zethic Technologies,,Not Disclosed,Not Listed,22 hours ago,Not Listed,Mumbai,https://www.linkedin.com/jobs/search/
Mount Talent Consulting Pvt Ltd.,,Not Disclosed,Not Listed,3 weeks ago,Not Listed,Mumbai,https://www.linkedin.com/jobs/search/
EY,,Not Disclosed,Not Listed,1 week ago,Not Listed,Mumbai,https://www.linkedin.com/jobs/search/
PayU,,Not Disclosed,Not Listed,6 days ago,Not Listed,Mumbai,https://www.linkedin.com/jobs/search/
Interdependence,,Not Disclosed,Not Listed,21 hours ago,Not Listed,Mumbai,https://www.linkedin.com/jobs/search/
Wadhwani Foundation,,Not Disclosed,Not Listed,2 days ago,Not Listed,Mumbai,https://www.linkedin.com/jobs/search/
IQVIA,,Not Disclosed,Not Listed,20 hours ago,Not Listed,Mumbai,https://www.linkedin.com/jobs/search/
Etraveli Group,,Not Disclosed,Not Listed,1 week ago,Not Listed,Mumbai,https://www.linkedin.com/jobs/search/
Talent Destination,,Not Disclosed,Not Listed,1 day ago,Not Listed,Mumbai,https://www.linkedin.com/jobs/search/
MyRemoteTeam Inc,,Not Disclosed,Not Listed,1 hour ago,Not Listed,Mumbai,https://www.linkedin.com/jobs/search/
Accenture in India,,Not Disclosed,Not Listed,1 week ago,Not Listed,Mumbai,https://www.linkedin.com/jobs/search/
Bank of America,,Not Disclosed,Not Listed,6 days ago,Not Listed,Mumbai,https://www.linkedin.com/jobs/search/
Version 1,,Not Disclosed,Not Listed,6 days ago,"Share in our success with our Quarterly Performance-Related Profit Share Scheme, where employees collectively benefit from a share of our company's profits",Mumbai,https://www.linkedin.com/jobs/search/
NITARA (GormalOne LLP),,Not Disclosed,Not Listed,1 week ago,Not Listed,Mumbai,https://www.linkedin.com/jobs/search/
Capgemini,,Not Disclosed,Not Listed,6 days ago,Not Listed,Mumbai,https://www.linkedin.com/jobs/search/
Godrej Consumer Products Limited,,Not Disclosed,Not Listed,1 hour ago,Not Listed,Mumbai,https://www.linkedin.com/jobs/search/
Revolut,,Not Disclosed,Not Listed,22 minutes ago,Not Listed,Mumbai,https://www.linkedin.com/jobs/search/
Porch Group,,Not Disclosed,Not Listed,23 hours ago,"Please know your actual pay at Porch will reflect a number of factors among which are your work experience and skillsets, job-related knowledge, alignment with market and our Porch employees, as well as your geographic location.",Mumbai,https://www.linkedin.com/jobs/search/
Amaha,,Not Disclosed,Not Listed,1 month ago,Not Listed,Mumbai,https://www.linkedin.com/jobs/search/
Evnek,,Not Disclosed,Not Listed,3 days ago,Not Listed,Mumbai,https://www.linkedin.com/jobs/search/
EY,,Not Disclosed,Not Listed,18 hours ago,Not Listed,Mumbai,https://www.linkedin.com/jobs/search/
Capgemini,,Not Disclosed,Not Listed,1 week ago,Not Listed,Mumbai,https://www.linkedin.com/jobs/search/
Crossing Hurdles,,Not Disclosed,Not Listed,1 week ago,Not Listed,Mumbai,https://www.linkedin.com/jobs/search/
Rentokil Initial,,Not Disclosed,Not Listed,5 months ago,Not Listed,Mumbai,https://www.linkedin.com/jobs/search/
EY,,Not Disclosed,Not Listed,2 weeks ago,Not Listed,Mumbai,https://www.linkedin.com/jobs/search/
GroundTruth,,Not Disclosed,Not Listed,1 week ago,Not Listed,Mumbai,https://www.linkedin.com/jobs/search/
Lexsi Labs,,Not Disclosed,Not Listed,5 days ago,Not Listed,Mumbai,https://www.linkedin.com/jobs/search/
Digile,,Not Disclosed,Not Listed,3 days ago,Not Listed,Mumbai,https://www.linkedin.com/jobs/search/
YipitData,,Not Disclosed,Not Listed,1 week ago,Not Listed,Mumbai,https://www.linkedin.com/jobs/search/
Flexiple,,Not Disclosed,Not Listed,1 day ago,Not Listed,Mumbai,https://www.linkedin.com/jobs/search/
MSCI Inc.,,Not Disclosed,Not Listed,20 hours ago,Not Listed,Mumbai,https://www.linkedin.com/jobs/search/
EduFund,,Not Disclosed,Not Listed,2 months ago,Not Listed,Mumbai,https://www.linkedin.com/jobs/search/
Traya,,Not Disclosed,Not Listed,2 months ago,Not Listed,Mumbai,https://www.linkedin.com/jobs/search/
Purplle.com,,Not Disclosed,Not Listed,1 day ago,Not Listed,Mumbai,https://www.linkedin.com/jobs/search/
EY,,Not Disclosed,Not Listed,2 weeks ago,Not Listed,Mumbai,https://www.linkedin.com/jobs/search/
Wissen Technology,,Not Disclosed,Not Listed,1 day ago,"At Wissen Technology, we deliver niche, custom-built products that solve complex business challenges across industries worldwide. Founded in 2015, our core philosophy is built around a strong product engineering mindset—ensuring every solution is architected and delivered right the first time. Today, Wissen Technology has a global footprint with 2000+ employees across offices in the US, UK, UAE, India, and Australia. Our commitment to excellence translates into delivering 2X impact compared to traditional service providers. How do we achieve this? Through a combination of deep domain knowledge, cutting-edge technology expertise, and a relentless focus on quality. We don’t just meet expectations—we exceed them by ensuring faster time-to-market, reduced rework, and greater alignment with client objectives. We have a proven track record of building mission-critical systems across industries, including financial services, healthcare, retail, manufacturing, and more. Wissen stands apart through its unique delivery models. Our outcome-based projects ensure predictable costs and timelines, while our agile pods provide clients with the flexibility to adapt to their evolving business needs. Wissen leverages its thought leadership and technology prowess to drive superior business outcomes. Our success is powered by top-tier talent. Our mission is clear: to be the partner of choice for building world-class custom products that deliver exceptional impact—the first time, every time.",Mumbai,https://www.linkedin.com/jobs/search/
Piramal Realty,,Not Disclosed,Not Listed,2 weeks ago,Not Listed,Mumbai,https://www.linkedin.com/jobs/search/
Greenland Investment Management,,Not Disclosed,Not Listed,2 months ago,Not Listed,Mumbai,https://www.linkedin.com/jobs/search/
Mindrift,,Not Disclosed,Not Listed,4 hours ago,Not Listed,Mumbai,https://www.linkedin.com/jobs/search/
Ajmera Realty & Infra India Ltd.,,Not Disclosed,Not Listed,3 weeks ago,Not Listed,Mumbai,https://www.linkedin.com/jobs/search/
Justo RealFintech Ltd,,Not Disclosed,Not Listed,2 months ago,Not Listed,Mumbai,https://www.linkedin.com/jobs/search/
EY,,Not Disclosed,Not Listed,1 week ago,Not Listed,Mumbai,https://www.linkedin.com/jobs/search/
Risebird,,Not Disclosed,Not Listed,16 minutes ago,Not Listed,Mumbai,https://www.linkedin.com/jobs/search/
YES BANK,,Not Disclosed,Not Listed,1 day ago,Not Listed,Mumbai,https://www.linkedin.com/jobs/search/
Pearl,,Not Disclosed,Not Listed,2 days ago,Not Listed,Mumbai,https://www.linkedin.com/jobs/search/
Wissen Technology,,Not Disclosed,Not Listed,1 day ago,Not Listed,Mumbai,https://www.linkedin.com/jobs/search/
NOBL Q,,Not Disclosed,Not Listed,3 days ago,Not Listed,Mumbai,https://www.linkedin.com/jobs/search/
Amazon,,Not Disclosed,Not Listed,1 week ago,Not Listed,Mumbai,https://www.linkedin.com/jobs/search/
"Apollo Global Management, Inc.",,Not Disclosed,Not Listed,1 week ago,Not Listed,Mumbai,https://www.linkedin.com/jobs/search/
Mott MacDonald,,Not Disclosed,Not Listed,1 week ago,Not Listed,Mumbai,https://www.linkedin.com/jobs/search/
BlackRock,,Not Disclosed,Not Listed,6 days ago,Not Listed,Mumbai,https://www.linkedin.com/jobs/search/
Kodo,,Not Disclosed,Not Listed,1 month ago,Not Listed,Mumbai,https://www.linkedin.com/jobs/search/
IDFC FIRST Bank,,Not Disclosed,Not Listed,4 days ago,Not Listed,Mumbai,https://www.linkedin.com/jobs/search/
"Apollo Global Management, Inc.",,Not Disclosed,Not Listed,1 week ago,Not Listed,Mumbai,https://www.linkedin.com/jobs/search/
Pashet,,Not Disclosed,Not Listed,3 weeks ago,Not Listed,Mumbai,https://www.linkedin.com/jobs/search/
Purplle.com,,Not Disclosed,Not Listed,2 weeks ago,Not Listed,Mumbai,https://www.linkedin.com/jobs/search/
TeamLease Edtech,,Not Disclosed,Not Listed,2 weeks ago,Not Listed,Mumbai,https://www.linkedin.com/jobs/search/
Jobgether,,Not Disclosed,Not Listed,4 days ago,Not Listed,Mumbai,https://www.linkedin.com/jobs/search/
Gravitas,,Not Disclosed,Not Listed,9 months ago,Not Listed,Mumbai,https://www.linkedin.com/jobs/search/
Black & Veatch,,Not Disclosed,Not Listed,1 week ago,Not Listed,Mumbai,https://www.linkedin.com/jobs/search/
Trellix,,Not Disclosed,Not Listed,1 day ago,Not Listed,Mumbai,https://www.linkedin.com/jobs/search/
Saint-Gobain Group in India,,Not Disclosed,Not Listed,2 days ago,Not Listed,Mumbai,https://www.linkedin.com/jobs/search/
Fairfest Media,,Not Disclosed,Not Listed,1 hour ago,Not Listed,Mumbai,https://www.linkedin.com/jobs/search/
Snapmint,,Not Disclosed,Not Listed,1 day ago,Not Listed,Mumbai,https://www.linkedin.com/jobs/search/
CoverGo | Insurtech,,Not Disclosed,Not Listed,1 month ago,Not Listed,Mumbai,https://www.linkedin.com/jobs/search/
Grexa AI,,Not Disclosed,Not Listed,1 month ago,Not Listed,Mumbai,https://www.linkedin.com/jobs/search/
SourcingXPress,,Not Disclosed,Not Listed,2 weeks ago,Not Listed,Mumbai,https://www.linkedin.com/jobs/search/
Sanctuary,,Not Disclosed,Not Listed,3 weeks ago,Not Listed,Mumbai,https://www.linkedin.com/jobs/search/
Reliance Industries Limited,,Not Disclosed,Not Listed,1 day ago,Not Listed,Mumbai,https://www.linkedin.com/jobs/search/
Mindrift,,Not Disclosed,Not Listed,5 hours ago,Not Listed,Mumbai,https://www.linkedin.com/jobs/search/
QuantumLoopAi,,Not Disclosed,Not Listed,2 weeks ago,Not Listed,Mumbai,https://www.linkedin.com/jobs/search/
Etraveli Group,,Not Disclosed,Not Listed,1 day ago,Not Listed,Mumbai,https://www.linkedin.com/jobs/search/
hackajob,,Not Disclosed,Not Listed,4 days ago,Not Listed,Mumbai,https://www.linkedin.com/jobs/search/
Evnek,,Not Disclosed,Not Listed,3 days ago,Not Listed,Mumbai,https://www.linkedin.com/jobs/search/
EY,,Not Disclosed,Not Listed,5 days ago,Not Listed,Mumbai,https://www.linkedin.com/jobs/search/
Hexafun,,Not Disclosed,Not Listed,8 minutes ago,Not Listed,Mumbai,https://www.linkedin.com/jobs/search/
Interactive Brokers,,Not Disclosed,Not Listed,1 month ago,Not Listed,Mumbai,https://www.linkedin.com/jobs/search/
MailEasy,,Not Disclosed,Not Listed,15 hours ago,Not Listed,Mumbai,https://www.linkedin.com/jobs/search/
Rex.zone,,Not Disclosed,Not Listed,1 week ago,Not Listed,Mumbai,https://www.linkedin.com/jobs/search/
Allvest Securities Pvt. Ltd.,,Not Disclosed,Not Listed,2 days ago,Not Listed,Mumbai,https://www.linkedin.com/jobs/search/
Elchemy,,Not Disclosed,Not Listed,1 week ago,Not Listed,Mumbai,https://www.linkedin.com/jobs/search/
Recruise India Consulting Pvt Ltd,,Not Disclosed,Not Listed,1 day ago,Not Listed,Mumbai,https://www.linkedin.com/jobs/search/
HDFC securities,,Not Disclosed,Not Listed,2 weeks ago,Not Listed,Mumbai,https://www.linkedin.com/jobs/search/
CodeRound AI,,Not Disclosed,Not Listed,6 hours ago,Not Listed,Mumbai,https://www.linkedin.com/jobs/search/
Gryt,,Not Disclosed,Not Listed,9 hours ago,Not Listed,Mumbai,https://www.linkedin.com/jobs/search/
Gleantap,,Not Disclosed,Not Listed,1 month ago,Not Listed,Mumbai,https://www.linkedin.com/jobs/search/
Synechron,,Not Disclosed,Not Listed,2 weeks ago,Not Listed,Mumbai,https://www.linkedin.com/jobs/search/
InsuranceMarket.ae™,,Not Disclosed,Not Listed,4 days ago,Not Listed,Mumbai,https://www.linkedin.com/jobs/search/
Optima,,Not Disclosed,Not Listed,6 days ago,Not Listed,Mumbai,https://www.linkedin.com/jobs/search/
Jefferies,,Not Disclosed,Not Listed,2 weeks ago,"At Jefferies, we believe that diversity fosters creativity, innovation and thought leadership through the infusion of new ideas and perspectives. We have made a commitment to building a culture that provides opportunities for all employees regardless of our differences and supports a workforce that is reflective of the communities where we work and live. As a result, we are able to pool our collective insights and intelligence to provide fresh and innovative thinking for our clients.",Mumbai,https://www.linkedin.com/jobs/search/
Naagin,,Not Disclosed,Not Listed,3 weeks ago,Not Listed,Mumbai,https://www.linkedin.com/jobs/search/
YES BANK,,Not Disclosed,Not Listed,3 days ago,Not Listed,Mumbai,https://www.linkedin.com/jobs/search/
Ziki,,Not Disclosed,Not Listed,10 months ago,Not Listed,Mumbai,https://www.linkedin.com/jobs/search/
Intellectual Capital HR Consulting Pvt. Ltd.,,Not Disclosed,Not Listed,1 week ago,Not Listed,Mumbai,https://www.linkedin.com/jobs/search/
InfoBeans,,Not Disclosed,Not Listed,1 week ago,Not Listed,Mumbai,https://www.linkedin.com/jobs/search/
eClerx,,Not Disclosed,Not Listed,3 weeks ago,Not Listed,Mumbai,https://www.linkedin.com/jobs/search/
Mitratech,,Not Disclosed,Not Listed,1 day ago,Not Listed,Mumbai,https://www.linkedin.com/jobs/search/
MetaMorph,,Not Disclosed,Not Listed,1 week ago,Not Listed,Mumbai,https://www.linkedin.com/jobs/search/
Coface,,Not Disclosed,Not Listed,3 weeks ago,Not Listed,Mumbai,https://www.linkedin.com/jobs/search/
Quess Singapore,,Not Disclosed,Not Listed,3 days ago,Not Listed,Mumbai,https://www.linkedin.com/jobs/search/
HCLSoftware,,Not Disclosed,Not Listed,3 weeks ago,Not Listed,Mumbai,https://www.linkedin.com/jobs/search/
Infogain,,Not Disclosed,Not Listed,1 month ago,Not Listed,Mumbai,https://www.linkedin.com/jobs/search/
Diligente Technologies,,Not Disclosed,Not Listed,1 week ago,Not Listed,Mumbai,https://www.linkedin.com/jobs/search/
iZen Labs,,Not Disclosed,Not Listed,4 hours ago,Not Listed,Mumbai,https://www.linkedin.com/jobs/search/
Generali Central Life Insurance,,Not Disclosed,Not Listed,3 weeks ago,Not Listed,Mumbai,https://www.linkedin.com/jobs/search/
Pepper,,Not Disclosed,Not Listed,4 days ago,Not Listed,Mumbai,https://www.linkedin.com/jobs/search/
StackNexus,,Not Disclosed,Not Listed,1 week ago,Not Listed,Mumbai,https://www.linkedin.com/jobs/search/
Jobgether,,Not Disclosed,Not Listed,1 day ago,Not Listed,Mumbai,https://www.linkedin.com/jobs/search/
Revolut,,Not Disclosed,Not Listed,3 weeks ago,Not Listed,Mumbai,https://www.linkedin.com/jobs/search/
YES BANK,,Not Disclosed,Not Listed,1 week ago,Not Listed,Mumbai,https://www.linkedin.com/jobs/search/
Purplle.com,,Not Disclosed,Not Listed,2 weeks ago,Not Listed,Mumbai,https://www.linkedin.com/jobs/search/
CoinDCX,,Not Disclosed,Not Listed,1 week ago,Not Listed,Mumbai,https://www.linkedin.com/jobs/search/
Zethic Technologies,,Not Disclosed,Not Listed,22 hours ago,Not Listed,Mumbai,https://www.linkedin.com/jobs/search/
EssentiallySports,,Not Disclosed,Not Listed,1 week ago,Not Listed,Mumbai,https://www.linkedin.com/jobs/search/
Advertising Vehicles,,Not Disclosed,Not Listed,1 week ago,Not Listed,Mumbai,https://www.linkedin.com/jobs/search/
Rare Carat,,Not Disclosed,Not Listed,1 week ago,"The incredible value and experiences that we’re able to provide to our customers, employees, vendors and stakeholders alike is our biggest differentiator.",Mumbai,https://www.linkedin.com/jobs/search/
Weekday AI (YC W21),,Not Disclosed,Not Listed,1 day ago,Not Listed,Mumbai,https://www.linkedin.com/jobs/search/
PharmaForceIQ,,Not Disclosed,Not Listed,4 weeks ago,Not Listed,Mumbai,https://www.linkedin.com/jobs/search/
Synechron Technologies Pvt. Ltd.,,Not Disclosed,Not Listed,2 weeks ago,Not Listed,Mumbai,https://www.linkedin.com/jobs/search/
OpenAI,,Not Disclosed,Not Listed,2 weeks ago,Not Listed,Mumbai,https://www.linkedin.com/jobs/search/
Weekday AI (YC W21),,Not Disclosed,Not Listed,1 week ago,Not Listed,Mumbai,https://www.linkedin.com/jobs/search/
Embrace Software Inc,,Not Disclosed,Not Listed,1 day ago,Not Listed,Mumbai,https://www.linkedin.com/jobs/search/
SID Global Solutions,,Not Disclosed,Not Listed,2 weeks ago,Not Listed,Mumbai,https://www.linkedin.com/jobs/search/
Morningstar,,Not Disclosed,Not Listed,2 days ago,Not Listed,Mumbai,https://www.linkedin.com/jobs/search/
YES BANK,,Not Disclosed,Not Listed,2 weeks ago,Not Listed,Mumbai,https://www.linkedin.com/jobs/search/
Pocket FM,,Not Disclosed,Not Listed,1 week ago,Not Listed,Mumbai,https://www.linkedin.com/jobs/search/
CambrianEdge.ai,,Not Disclosed,Not Listed,1 week ago,CambrianEdge.ai is an equal opportunity employer. We celebrate diversity and are committed to creating an inclusive environment for all employees.,Mumbai,https://www.linkedin.com/jobs/search/
Shapoorji Pallonji Finance Private Limited,,Not Disclosed,Not Listed,3 weeks ago,Not Listed,Mumbai,https://www.linkedin.com/jobs/search/
eClerx,,Not Disclosed,Not Listed,1 week ago,Not Listed,Mumbai,https://www.linkedin.com/jobs/search/
Revolut,,Not Disclosed,Not Listed,2 weeks ago,Not Listed,Mumbai,https://www.linkedin.com/jobs/search/
Adani Realty,,Not Disclosed,Not Listed,2 days ago,Not Listed,Mumbai,https://www.linkedin.com/jobs/search/
NielsenIQ,,Not Disclosed,Not Listed,1 week ago,Not Listed,Mumbai,https://www.linkedin.com/jobs/search/
ShimentoX Technologies,,Not Disclosed,Not Listed,2 days ago,Not Listed,Mumbai,https://www.linkedin.com/jobs/search/
InvoiceBhai,,Not Disclosed,Not Listed,11 hours ago,Not Listed,Mumbai,https://www.linkedin.com/jobs/search/
Orion Innovation,,Not Disclosed,Not Listed,2 weeks ago,Not Listed,Mumbai,https://www.linkedin.com/jobs/search/
Lingaro,,Not Disclosed,Not Listed,2 weeks ago,Not Listed,Mumbai,https://www.linkedin.com/jobs/search/
Tata Electronics,,Not Disclosed,Not Listed,1 week ago,Not Listed,Mumbai,https://www.linkedin.com/jobs/search/
Talent Acquisition Specialist,,Not Disclosed,Not Listed,5 minutes ago,Not Listed,Mumbai,https://www.linkedin.com/jobs/search/
Mastercard,,Not Disclosed,Not Listed,1 week ago,Not Listed,Mumbai,https://www.linkedin.com/jobs/search/
Barclays,,Not Disclosed,Not Listed,1 year ago,"Lead a team performing complex tasks, using well developed professional knowledge and skills to deliver on work that impacts the whole business function. Set objectives and coach employees in pursuit of those objectives, appraisal of performance relative to objectives and determination of reward outcomes",Mumbai,https://www.linkedin.com/jobs/search/
YES BANK,,Not Disclosed,Not Listed,1 week ago,Not Listed,Mumbai,https://www.linkedin.com/jobs/search/
eClerx,,Not Disclosed,Not Listed,3 days ago,Not Listed,Mumbai,https://www.linkedin.com/jobs/search/
Purplle.com,,Not Disclosed,Not Listed,1 day ago,Not Listed,Mumbai,https://www.linkedin.com/jobs/search/
Snapmint,,Not Disclosed,Not Listed,3 days ago,Not Listed,Mumbai,https://www.linkedin.com/jobs/search/
Bennett Coleman & Co. Ltd. (The Times of India),,Not Disclosed,Not Listed,4 days ago,Not Listed,Mumbai,https://www.linkedin.com/jobs/search/
IDFC FIRST Bank,,Not Disclosed,Not Listed,4 days ago,Not Listed,Mumbai,https://www.linkedin.com/jobs/search/
IDFC FIRST Bank,,Not Disclosed,Not Listed,4 days ago,Not Listed,Mumbai,https://www.linkedin.com/jobs/search/
YES BANK,,Not Disclosed,Not Listed,1 week ago,Not Listed,Mumbai,https://www.linkedin.com/jobs/search/
YES BANK,,Not Disclosed,Not Listed,1 week ago,Not Listed,Mumbai,https://www.linkedin.com/jobs/search/
Sleek,,Not Disclosed,Not Listed,3 weeks ago,Not Listed,Mumbai,https://www.linkedin.com/jobs/search/
Snapmint,,Not Disclosed,Not Listed,1 week ago,Not Listed,Mumbai,https://www.linkedin.com/jobs/search/
Firstsource,,Not Disclosed,Not Listed,4 weeks ago,Not Listed,Mumbai,https://www.linkedin.com/jobs/search/
Ansell,,Not Disclosed,Not Listed,2 weeks ago,Not Listed,Mumbai,https://www.linkedin.com/jobs/search/
Crossing Hurdles,,Not Disclosed,Not Listed,19 hours ago,Not Listed,Mumbai,https://www.linkedin.com/jobs/search/
Healthy Vignettes,,Not Disclosed,Not Listed,2 weeks ago,Not Listed,Mumbai,https://www.linkedin.com/jobs/search/
Joveo AI,,Not Disclosed,Not Listed,4 hours ago,Not Listed,Mumbai,https://www.linkedin.com/jobs/search/
InsuranceMarket.ae™,,Not Disclosed,Not Listed,4 days ago,Not Listed,Mumbai,https://www.linkedin.com/jobs/search/
MyRemoteTeam Inc,,Not Disclosed,Not Listed,1 hour ago,Not Listed,Mumbai,https://www.linkedin.com/jobs/search/
TechZSoft LLC,,Not Disclosed,Not Listed,20 hours ago,Not Listed,Mumbai,https://www.linkedin.com/jobs/search/
Vedasoft Inc,,Not Disclosed,Not Listed,21 hours ago,Not Listed,Mumbai,https://www.linkedin.com/jobs/search/
bluCognition,,Not Disclosed,Not Listed,3 weeks ago,Not Listed,Mumbai,https://www.linkedin.com/jobs/search/
